Workbook

Sheet Creator_Data
A1: handle | B1: niche | C1: platform | D1: followers | E1: avg_engagement_rate | F1: Quotation (INR) | G1: currency | H1: Cost_per_1000_followers | I1: Commercial_Rank
A2: @demo_daily_07 | B2: beauty | C2: instagram | D2: 14000 | E2: 0.033 | F2: 19000 | G2: INR | H2: =IFERROR(F2/D2*1000,"") -> 1357.1429 | I2: =IF(H2="","",RANK(H2,$H$2:$H$11,1)) -> 10
A3: @demo_home_10 | B3: interior | C3: instagram | D3: 27000 | E3: 0.039 | F3: 24000 | G3: INR | H3: =IFERROR(F3/D3*1000,"") -> 888.88889 | I3: =IF(H3="","",RANK(H3,$H$2:$H$11,1)) -> 8
A4: @demo_fitness_06 | B4: fitness | C4: instagram | D4: 35000 | E4: 0.052 | F4: 26000 | G4: INR | H4: =IFERROR(F4/D4*1000,"") -> 742.85714 | I4: =IF(H4="","",RANK(H4,$H$2:$H$11,1)) -> 6
A5: @demo_family_03 | B5: family | C5: instagram | D5: 62000 | E5: 0.036 | F5: 38000 | G5: INR | H5: =IFERROR(F5/D5*1000,"") -> 612.90323 | I5: =IF(H5="","",RANK(H5,$H$2:$H$11,1)) -> 4
A6: @demo_glow_01 | B6: beauty | C6: instagram | D6: 45000 | E6: 0.041 | F6: 42000 | G6: INR | H6: =IFERROR(F6/D6*1000,"") -> 933.33333 | I6: =IF(H6="","",RANK(H6,$H$2:$H$11,1)) -> 9
A7: @demo_beauty_09 | B7: beauty | C7: instagram | D7: 110000 | E7: 0.031 | F7: 52000 | G7: INR | H7: =IFERROR(F7/D7*1000,"") -> 472.72727 | I7: =IF(H7="","",RANK(H7,$H$2:$H$11,1)) -> 3
A8: @demo_skin_02 | B8: beauty | C8: instagram | D8: 80000 | E8: 0.028 | F8: 55000 | G8: INR | H8: =IFERROR(F8/D8*1000,"") -> 687.5 | I8: =IF(H8="","",RANK(H8,$H$2:$H$11,1)) -> 5
A9: @demo_beauty_04 | B9: beauty | C9: instagram | D9: 170000 | E9: 0.021 | F9: 68000 | G9: INR | H9: =IFERROR(F9/D9*1000,"") -> 400 | I9: =IF(H9="","",RANK(H9,$H$2:$H$11,1)) -> 2
A10: @demo_care_05 | B10: beauty | C10: youtube | D10: 95000 | E10: 0.044 | F10: 72000 | G10: INR | H10: =IFERROR(F10/D10*1000,"") -> 757.89474 | I10: =IF(H10="","",RANK(H10,$H$2:$H$11,1)) -> 7
A11: @demo_style_08 | B11: fashion | C11: instagram | D11: 210000 | E11: 0.024 | F11: 80000 | G11: INR | H11: =IFERROR(F11/D11*1000,"") -> 380.95238 | I11: =IF(H11="","",RANK(H11,$H$2:$H$11,1)) -> 1

Sheet Quote_Analysis
A1: Metric | B1: Result
A2: Number of quotations | B2: =COUNT(Creator_Data!F2:F11) -> 10
A3: Average quotation | B3: =AVERAGE(Creator_Data!F2:F11) -> 47600
A4: Median quotation | B4: =MEDIAN(Creator_Data!F2:F11) -> 47000
A5: Lowest quotation | B5: =MIN(Creator_Data!F2:F11) -> 19000
A6: Highest quotation | B6: =MAX(Creator_Data!F2:F11) -> 80000
A7: Quotation price range | B7: =B6-B5 -> 61000
A8: Highest quote above lowest (%) | B8: =(B6-B5)/B5 -> 3.2105263

Sheet Quotation_Chart
A1: handle | B1: quote_amount
A2: @demo_daily_07 | B2: 19000
A3: @demo_home_10 | B3: 24000
A4: @demo_fitness_06 | B4: 26000
A5: @demo_family_03 | B5: 38000
A6: @demo_glow_01 | B6: 42000
A7: @demo_beauty_09 | B7: 52000
A8: @demo_skin_02 | B8: 55000
A9: @demo_beauty_04 | B9: 68000
A10: @demo_care_05 | B10: 72000
A11: @demo_style_08 | B11: 80000

Sheet Supplier_Scorecard
A1: Creator | B1: Quotation (INR) | C1: Cost per 1,000 followers | D1: Commercial rank | E1: Commercial score | F1: Audience fit | G1: Engagement quality | H1: Compliance | I1: Delivery capability | J1: Weighted score | K1: Evaluation status
A2: @demo_daily_07 | B2: 19000 | C2: 1357.1429 | D2: 10 | E2: =IF(D2="","",ROUND((11-D2)/10*5,1)) -> 0.5 | J2: =IF(COUNT(E2:I2)<5,"Not assessed",E2*30%+F2*25%+G2*20%+H2*15%+I2*10%) -> Not assessed | K2: =IF(ISNUMBER(J2),"Fully assessed","Further checks required") -> Further checks required
A3: @demo_home_10 | B3: 24000 | C3: 888.88889 | D3: 8 | E3: =IF(D3="","",ROUND((11-D3)/10*5,1)) -> 1.5 | J3: =IF(COUNT(E3:I3)<5,"Not assessed",E3*30%+F3*25%+G3*20%+H3*15%+I3*10%) -> Not assessed | K3: =IF(ISNUMBER(J3),"Fully assessed","Further checks required") -> Further checks required
A4: @demo_fitness_06 | B4: 26000 | C4: 742.85714 | D4: 6 | E4: =IF(D4="","",ROUND((11-D4)/10*5,1)) -> 2.5 | J4: =IF(COUNT(E4:I4)<5,"Not assessed",E4*30%+F4*25%+G4*20%+H4*15%+I4*10%) -> Not assessed | K4: =IF(ISNUMBER(J4),"Fully assessed","Further checks required") -> Further checks required
A5: @demo_family_03 | B5: 38000 | C5: 612.90323 | D5: 4 | E5: =IF(D5="","",ROUND((11-D5)/10*5,1)) -> 3.5 | J5: =IF(COUNT(E5:I5)<5,"Not assessed",E5*30%+F5*25%+G5*20%+H5*15%+I5*10%) -> Not assessed | K5: =IF(ISNUMBER(J5),"Fully assessed","Further checks required") -> Further checks required
A6: @demo_glow_01 | B6: 42000 | C6: 933.33333 | D6: 9 | E6: =IF(D6="","",ROUND((11-D6)/10*5,1)) -> 1 | J6: =IF(COUNT(E6:I6)<5,"Not assessed",E6*30%+F6*25%+G6*20%+H6*15%+I6*10%) -> Not assessed | K6: =IF(ISNUMBER(J6),"Fully assessed","Further checks required") -> Further checks required
A7: @demo_beauty_09 | B7: 52000 | C7: 472.72727 | D7: 3 | E7: =IF(D7="","",ROUND((11-D7)/10*5,1)) -> 4 | J7: =IF(COUNT(E7:I7)<5,"Not assessed",E7*30%+F7*25%+G7*20%+H7*15%+I7*10%) -> Not assessed | K7: =IF(ISNUMBER(J7),"Fully assessed","Further checks required") -> Further checks required
A8: @demo_skin_02 | B8: 55000 | C8: 687.5 | D8: 5 | E8: =IF(D8="","",ROUND((11-D8)/10*5,1)) -> 3 | J8: =IF(COUNT(E8:I8)<5,"Not assessed",E8*30%+F8*25%+G8*20%+H8*15%+I8*10%) -> Not assessed | K8: =IF(ISNUMBER(J8),"Fully assessed","Further checks required") -> Further checks required
A9: @demo_beauty_04 | B9: 68000 | C9: 400 | D9: 2 | E9: =IF(D9="","",ROUND((11-D9)/10*5,1)) -> 4.5 | J9: =IF(COUNT(E9:I9)<5,"Not assessed",E9*30%+F9*25%+G9*20%+H9*15%+I9*10%) -> Not assessed | K9: =IF(ISNUMBER(J9),"Fully assessed","Further checks required") -> Further checks required
A10: @demo_care_05 | B10: 72000 | C10: 757.89474 | D10: 7 | E10: =IF(D10="","",ROUND((11-D10)/10*5,1)) -> 2 | J10: =IF(COUNT(E10:I10)<5,"Not assessed",E10*30%+F10*25%+G10*20%+H10*15%+I10*10%) -> Not assessed | K10: =IF(ISNUMBER(J10),"Fully assessed","Further checks required") -> Further checks required
A11: @demo_style_08 | B11: 80000 | C11: 380.95238 | D11: 1 | E11: =IF(D11="","",ROUND((11-D11)/10*5,1)) -> 5 | J11: =IF(COUNT(E11:I11)<5,"Not assessed",E11*30%+F11*25%+G11*20%+H11*15%+I11*10%) -> Not assessed | K11: =IF(ISNUMBER(J11),"Fully assessed","Further checks required") -> Further checks required

Sheet Supplier_Risk
A1: Creator | B1: Audience verification | C1: ASA advertising disclosure | D1: Brand safety review | E1: Contract review | F1: Overall risk status
A2: @demo_daily_07 | B2: Not Checked | C2: Not Checked | D2: Not Checked | E2: Not Checked | F2: =IF(COUNTIF(B2:E2,"Not checked")>0,"Due diligence required",IF(COUNTIF(B2:E2,"Fail")>0,"Risk identified","Checks completed")) -> Due diligence required
A3: @demo_home_10 | B3: Not Checked | C3: Not Checked | D3: Not Checked | E3: Not Checked | F3: =IF(COUNTIF(B3:E3,"Not checked")>0,"Due diligence required",IF(COUNTIF(B3:E3,"Fail")>0,"Risk identified","Checks completed")) -> Due diligence required
A4: @demo_fitness_06 | B4: Not Checked | C4: Not Checked | D4: Not Checked | E4: Not Checked | F4: =IF(COUNTIF(B4:E4,"Not checked")>0,"Due diligence required",IF(COUNTIF(B4:E4,"Fail")>0,"Risk identified","Checks completed")) -> Due diligence required
A5: @demo_family_03 | B5: Not Checked | C5: Not Checked | D5: Not Checked | E5: Not Checked | F5: =IF(COUNTIF(B5:E5,"Not checked")>0,"Due diligence required",IF(COUNTIF(B5:E5,"Fail")>0,"Risk identified","Checks completed")) -> Due diligence required
A6: @demo_glow_01 | B6: Not Checked | C6: Not Checked | D6: Not Checked | E6: Not Checked | F6: =IF(COUNTIF(B6:E6,"Not checked")>0,"Due diligence required",IF(COUNTIF(B6:E6,"Fail")>0,"Risk identified","Checks completed")) -> Due diligence required
A7: @demo_beauty_09 | B7: Not Checked | C7: Not Checked | D7: Not Checked | E7: Not Checked | F7: =IF(COUNTIF(B7:E7,"Not checked")>0,"Due diligence required",IF(COUNTIF(B7:E7,"Fail")>0,"Risk identified","Checks completed")) -> Due diligence required
A8: @demo_skin_02 | B8: Not Checked | C8: Not Checked | D8: Not Checked | E8: Not Checked | F8: =IF(COUNTIF(B8:E8,"Not checked")>0,"Due diligence required",IF(COUNTIF(B8:E8,"Fail")>0,"Risk identified","Checks completed")) -> Due diligence required
A9: @demo_beauty_04 | B9: Not Checked | C9: Not Checked | D9: Not Checked | E9: Not Checked | F9: =IF(COUNTIF(B9:E9,"Not checked")>0,"Due diligence required",IF(COUNTIF(B9:E9,"Fail")>0,"Risk identified","Checks completed")) -> Due diligence required
A10: @demo_care_05 | B10: Not Checked | C10: Not Checked | D10: Not Checked | E10: Not Checked | F10: =IF(COUNTIF(B10:E10,"Not checked")>0,"Due diligence required",IF(COUNTIF(B10:E10,"Fail")>0,"Risk identified","Checks completed")) -> Due diligence required
A11: @demo_style_08 | B11: Not Checked | C11: Not Checked | D11: Not Checked | E11: Not Checked | F11: =IF(COUNTIF(B11:E11,"Not checked")>0,"Due diligence required",IF(COUNTIF(B11:E11,"Fail")>0,"Risk identified","Checks completed")) -> Due diligence required

Sheet Negotiation_Analysis
A1: Creator | B1: Original quotation (INR) | C1: Illustrative discount target | D1: Target quotation (INR) | E1: Potential savings (INR)
A2: @demo_daily_07 | B2: 19000 | C2: 0.1 | D2: =B2*(1-C2) -> 17100 | E2: =B2-D2 -> 1900
A3: @demo_home_10 | B3: 24000 | C3: 0.1 | D3: =B3*(1-C3) -> 21600 | E3: =B3-D3 -> 2400
A4: @demo_fitness_06 | B4: 26000 | C4: 0.1 | D4: =B4*(1-C4) -> 23400 | E4: =B4-D4 -> 2600
A5: @demo_family_03 | B5: 38000 | C5: 0.1 | D5: =B5*(1-C5) -> 34200 | E5: =B5-D5 -> 3800
A6: @demo_glow_01 | B6: 42000 | C6: 0.1 | D6: =B6*(1-C6) -> 37800 | E6: =B6-D6 -> 4200
A7: @demo_beauty_09 | B7: 52000 | C7: 0.1 | D7: =B7*(1-C7) -> 46800 | E7: =B7-D7 -> 5200
A8: @demo_skin_02 | B8: 55000 | C8: 0.1 | D8: =B8*(1-C8) -> 49500 | E8: =B8-D8 -> 5500
A9: @demo_beauty_04 | B9: 68000 | C9: 0.1 | D9: =B9*(1-C9) -> 61200 | E9: =B9-D9 -> 6800
A10: @demo_care_05 | B10: 72000 | C10: 0.1 | D10: =B10*(1-C10) -> 64800 | E10: =B10-D10 -> 7200
A11: @demo_style_08 | B11: 80000 | C11: 0.1 | D11: =B11*(1-C11) -> 72000 | E11: =B11-D11 -> 8000
A13: Total original quotations | B13: =SUM(B2:B11) -> 476000
A14: Total target quotations | B14: =SUM(D2:D11) -> 428400
A15: Total potential savings | B15: =SUM(E2:E11) -> 47600
A16: Potential savings (%) | B16: =IFERROR(B15/B13,0) -> 0.1

Sheet Sourcing_Summary
A1: Sourcing Decision Summary | D1: Procurement Recommendation
D2: Based on an illustrative analysis of 10 fictional influencer quotations, three creators have been identified for further evaluation using quoted cost per 1,000 followers as an initial commercial comparison metric. The quotations range from INR 19,000 to INR 80,000, with an average of INR 47,600. A hypothetical 10% negotiation target across all quotations indicates potential savings of INR 47,600; these savings have not been negotiated or realised. No final supplier award is recommended at this stage. Audience suitability, engagement data reliability, advertising disclosure compliance, brand safety, contractual requirements and delivery capability must be assessed before a sourcing decision is made.
A3: Suppliers evaluated | B3: =COUNTA(Creator_Data!A2:A11) -> 10
A4: Average quotation (INR) | B4: =AVERAGE(Creator_Data!F2:F11) -> 47600
A5: Lowest quotation (INR) | B5: =MIN(Creator_Data!F2:F11) -> 19000
A6: Highest quotation (INR) | B6: =MAX(Creator_Data!F2:F11) -> 80000
A7: Illustrative negotiation savings (INR) | B7: =SUM(Negotiation_Analysis!E2:E11) -> 47600
A8: Suppliers requiring due diligence | B8: =COUNTIF(Supplier_Risk!F2:F11,"Due diligence required") -> 10
A11: handle | B11: Quotation (INR) | C11: Cost_per_1000_followers | D11: Commercial_Rank | E11: Recommendation status
A12: @demo_beauty_09 | B12: 52000 | C12: 472.72727 | D12: 3 | E12: Preliminary candidate — due diligence required
A13: @demo_beauty_04 | B13: 68000 | C13: 400 | D13: 2 | E13: Preliminary candidate — due diligence required
A14: @demo_style_08 | B14: 80000 | C14: 380.95238 | D14: 1 | E14: Preliminary candidate — due diligence required
